ID,AreaID,DiseaseID
1,1,00600
2,2,00600
31,22,00700
32,22,00704
33,23,00700
34,23,00704
35,24,00700
36,24,00704
37,25,00600
38,26,00600
39,27,00600
40,28,00600
41,29,00600
42,30,00600
43,31,00600
44,32,00600
45,33,00600
46,34,00600
47,35,00600
48,36,00600
49,37,00600
50,38,00600
51,39,00600
52,40,00600
53,41,00600
54,42,00600
55,43,00600
56,44,00600
57,45,00600
58,46,00600
59,47,00600
60,48,00600
61,49,00600
62,50,00600
63,51,00600
64,52,00600
1517,1002,00700
1518,1002,00704
1519,1003,00700
1520,1003,00704
1521,1004,00600
1522,1005,00600
1523,1006,00600
1524,1007,00600
1525,1008,00600
1526,1009,00600
1527,1010,00600
1976,1381,00700
1977,1381,00704
1978,1382,00600
1979,1383,00600
1980,1384,00600
1981,1385,00600
1982,1386,00600
1983,1387,00600
1984,1388,00600
1985,1389,00600
1986,1390,00600
1987,1391,00600
1988,1392,00600
2564,1882,20100
9620,6258,00700
9621,6258,00704
9622,6259,00700
9623,6259,00704
9624,6260,00600
13742,7806,10100
13743,7806,10101
13744,7807,10100
13745,7807,10101
13746,7808,10100
13747,7808,10101
13748,7809,10100
13749,7809,10101
13750,7810,10100
13751,7810,10101
13752,7811,10100
13753,7811,10101
13769,7815,20100
13770,7815,20101
13771,7815,20105
13772,7815,20121
13773,7815,20141
13774,7816,20100
13775,7816,20101
13776,7816,20105
13777,7816,20120
13778,7816,20141
13779,7817,10200
13780,7817,10202
13781,7817,10206
13788,7820,30100
13789,7820,30102
13790,7821,30100
13791,7821,30102
13792,7822,30100
13793,7822,30102
13794,7823,10300
13795,7824,10300
18146,9187,00700
18147,9187,00704
18148,9188,00700
18149,9188,00704
18150,9189,00700
18151,9189,00704
18627,9480,00700
18628,9480,00704
20175,10108,00700
20176,10108,00703
20177,10108,40101
20178,10109,00700
20179,10109,00704
20180,10109,40101
20181,10110,00700
20182,10110,00704
20183,10110,40101
24270,11071,00700
24271,11071,00704
24272,11080,00700
24273,11080,00704
25206,12592,00600
28614,12602,00600
28615,12602,00601
29052,14693,10300
29053,12596,00600
29054,12596,00601
29055,12599,00600
29056,12599,00601
29057,12611,00600
29058,12611,00601
29611,14942,20100
29612,14942,30100
29613,14942,30102
29614,14942,40101
29615,14943,20100
29616,14943,30100
29617,14943,30102
29618,14943,40101
29619,14944,20100
29620,14944,30100
29621,14944,30102
29622,14944,40101
29623,14945,30100
29624,14945,30102
29625,14945,40101
29626,14946,30100
29627,14946,30102
29628,14946,40101
29629,14947,30100
29630,14947,30102
29631,14947,40101
29632,14948,30100
29633,14948,30102
29634,14948,40101
29635,14949,30100
29636,14949,30102
29637,14949,40101
29638,14950,30100
29639,14950,30102
29640,14950,40101
29641,14951,30100
29642,14951,30102
29643,14952,30100
29644,14952,30102
29645,14953,30100
29646,14953,30102
29647,14954,30100
29648,14954,30102
29649,14955,30100
29650,14955,30102
29651,14956,30100
29652,14956,30102
29653,14957,30100
29654,14957,30102
30295,15181,10300
30296,15181,10301
30297,15181,40101
30298,15181,00400
30299,15182,00400
30300,15182,10300
30301,15182,10301
30302,15183,00400
30303,15184,00400
30304,15184,10300
30305,15184,10301
31201,15377,00400
31202,15377,40101
31203,15378,00400
31204,15378,40101
31205,15379,00600
31206,15380,00600
31207,15380,40101
31208,15381,00400
31209,15381,40100
31210,15382,00300
31211,15382,00301
31212,15383,00300
31213,15383,00301
31214,15384,00600
31215,15385,00400
32465,15657,00600
32466,15657,40101
38009,16997,20800
38010,16997,20803
38011,16997,20121
38012,16997,20141
38013,16997,20172
38014,16996,20800
38015,16996,20803
38016,16996,20121
38017,16996,20141
38018,16996,20172
38019,16998,20800
38020,16998,30100
38021,16998,30102
38022,16998,20172
38023,16998,20804
38024,16998,20805
38025,16999,20800
38026,16999,30100
38027,16999,30102
38028,16999,20172
38029,16999,20804
38030,16999,20805
38049,17000,20800
38050,17000,20121
38051,17000,20141
38052,17000,20172
38053,17001,20800
38054,17001,20121
38055,17001,20141
38056,17001,20172
38063,17003,20800
38064,17003,30100
38065,17003,30102
38066,17003,20172
38067,17003,20803
38068,17003,20804
38069,17003,20805
38070,17004,20800
38071,17004,30100
38072,17004,30102
38073,17004,20172
38074,17004,20803
38075,17004,20804
38076,17004,20805
38077,17005,20800
38078,17005,20172
38079,17005,20803
38080,17005,20121
38081,17005,20141
38082,17006,20800
38083,17006,20172
38084,17006,20803
38085,17006,20121
38086,17006,20141
38087,17007,20800
38088,17007,20172
38089,17007,20803
38090,17007,20121
38091,17007,20141
38092,17008,20800
38093,17008,20172
38094,17008,20803
38095,17008,20121
38096,17008,20141
38097,17009,20800
38098,17009,20172
38099,17009,20803
38100,17009,20121
38101,17009,20141
38107,17010,20800
38108,17010,20172
38109,17010,20803
38110,17010,20121
38111,17010,20141
38127,17002,20800
38128,17002,20122
38129,17002,20803
38130,17002,20142
39365,17510,20800
39366,17510,20172
39367,17510,20120
39368,17510,20121
39369,17510,20142
39370,17511,20800
39371,17511,20172
39372,17511,20120
39373,17511,20121
39374,17511,20142
39380,17513,30100
39381,17513,30101
39382,17513,10300
39383,17513,10302
39384,17513,00300
39385,17514,30100
39386,17514,30101
39387,17514,10300
39388,17514,10302
39389,17514,00300
39390,17512,30100
39391,17512,30101
39392,17512,10300
39393,17512,10302
39394,17512,00300
39395,17515,30100
39396,17515,30101
39397,17516,30100
39398,17516,30101
39399,17517,30100
39400,17517,30101
39406,17518,20800
39407,17518,20172
39408,17518,20173
39409,17518,20121
39410,17518,20141
39411,17519,20800
39412,17519,20172
39413,17519,20173
39414,17519,20121
39415,17519,20141
39416,17520,20800
39417,17520,20172
39418,17520,20173
39419,17520,20121
39420,17520,20141
39421,17521,20800
39422,17521,20172
39423,17521,20173
39424,17521,20121
39425,17521,20141
39426,17522,30100
39427,17522,30101
39428,17523,30100
39429,17523,30101
39430,17524,30100
39431,17524,30101
39432,17525,30100
39433,17525,30101
39434,17526,30100
39435,17526,30101
39436,17527,30100
39437,17527,30101
39438,17528,20800
39439,17528,20172
39440,17528,20803
39441,17528,20121
39442,17528,20122
39443,17528,20141
39444,17529,20800
39445,17529,20172
39446,17529,20803
39447,17529,20121
39448,17529,20122
39449,17529,20141
39450,17530,20800
39451,17530,20172
39452,17530,20803
39453,17530,20121
39454,17530,20122
39455,17530,20141
39868,17606,10100
39869,17606,10101
39870,17607,10100
39871,17607,10101
39872,17608,10100
39873,17608,10101
39874,17609,10100
39875,17609,10101
39876,17610,10100
39877,17610,10101
39878,17611,10100
39879,17611,10101
39880,17612,10100
39881,17612,10101
39882,17613,10100
39883,17613,10101
39884,17614,10100
39885,17614,10101
39886,17615,10100
39887,17615,10101
39888,17616,10100
39889,17616,10101
39890,17617,10100
39891,17617,10101
39892,17618,10100
39893,17618,10101
39894,17619,20800
39895,17619,20173
39896,17619,20804
39897,17620,20800
39898,17620,20173
39899,17620,20804
39900,17621,20800
39901,17621,20173
39902,17621,20804
39903,17621,20121
39904,17621,20125
39905,17622,20800
39906,17622,20173
39907,17622,20804
39908,17622,20121
39909,17622,20125
39910,17623,20800
39911,17623,20173
39912,17623,20804
39913,17623,20121
39914,17623,20125
39915,17624,20800
39916,17624,20173
39917,17624,20804
39918,17624,20121
39919,17624,20125
39920,17625,20800
39921,17625,20173
39922,17625,20804
39923,17625,20121
39924,17625,20125
39925,17626,20800
39926,17626,20173
39927,17626,20804
39928,17626,20121
39929,17626,20125
39930,17627,20800
39931,17627,20173
39932,17627,20804
39933,17627,20121
39934,17627,20125
39935,17628,20800
39936,17628,20173
39937,17628,20804
39938,17628,20121
39939,17628,20125
39940,17629,20800
39941,17629,20173
39942,17629,20804
39943,17629,20121
39944,17629,20125
39945,17630,20800
39946,17630,20173
39947,17630,20804
39948,17630,20121
39949,17630,20125
39950,17631,20800
39951,17631,20173
39952,17631,20804
39953,17631,20121
39954,17631,20125
39955,17632,20800
39956,17632,20173
39957,17632,20804
39958,17632,20121
39959,17632,20125
39960,17633,20800
39961,17633,20172
39962,17633,20803
43163,18479,20800
43164,18479,20172
43165,18479,20120
43166,18479,20142
43167,18480,20800
43168,18480,20172
43169,18480,20120
43170,18480,20142
43171,18481,20800
43172,18481,20172
43173,18481,20120
43174,18481,20142
43175,18482,20800
43176,18482,20172
43177,18482,20120
43178,18482,20142
43179,18483,20800
43180,18483,20172
43181,18483,20120
43182,18483,20142
43183,18484,20800
43184,18484,20172
43185,18484,20120
43186,18484,20142
43187,18485,20800
43188,18485,20172
43189,18485,20120
43190,18485,20142
43191,18486,20800
43192,18486,20172
43193,18486,20120
43194,18486,20142
43195,18487,20800
43196,18487,20172
43197,18487,20120
43198,18487,20142
43199,18488,20800
43200,18488,20172
43201,18488,20120
43202,18488,20142
43203,18489,20800
43204,18489,20172
43205,18489,20120
43206,18489,20142
43207,18490,20800
43208,18490,20172
43209,18490,20120
43210,18490,20142
43211,18491,20800
43212,18491,20172
43213,18491,20120
43214,18491,20142
43215,18492,20800
43216,18492,20172
43217,18492,20120
43218,18492,20142
43219,18493,30100
43220,18493,30102
43221,18494,20800
43222,18494,20172
43223,18494,20120
43224,18494,20142
43225,18495,20800
43226,18495,20172
43227,18495,20120
43228,18495,20142
43229,18496,20800
43230,18496,20172
43231,18496,20120
43232,18496,20142
43233,18497,20800
43234,18497,20172
43235,18497,20120
43236,18497,20142
43253,18506,30100
43254,18506,30101
43255,18507,30100
43256,18507,30101
43257,18508,30100
43258,18508,30101
43259,18509,30100
43260,18509,30101
43261,18510,30100
43262,18510,30101
43263,18511,30100
43264,18511,30101
43265,18512,30100
43266,18512,30101
43267,18513,30100
43268,18513,30101
43269,18514,30100
43270,18514,30101
43271,18515,30100
43272,18515,30101
43273,18516,30100
43274,18516,30101
43275,18517,30100
43276,18517,30101
43277,18518,30100
43278,18518,30101
43279,18519,30100
43280,18519,30101
43281,18520,30100
43282,18520,30101
43283,18521,30100
43284,18521,30101
43285,18522,30100
43286,18522,30101
43287,18523,30100
43288,18523,30101
43289,18524,30100
43290,18524,30101
43291,18525,30100
43292,18525,30101
43293,18526,30100
43294,18526,30101
43295,18527,30100
43296,18527,30101
43297,18528,30100
43298,18528,30101
43299,18529,30100
43300,18529,30101
43301,18530,30100
43302,18530,30101
43303,18531,30100
43304,18531,30101
43305,18532,30100
43306,18532,30101
43307,18533,30100
43308,18533,30101
43309,18534,30100
43310,18534,30101
43311,18535,30100
43312,18535,30101
43313,18536,30100
43314,18536,30101
43315,18537,30100
43316,18537,30101
43317,18538,30100
43318,18538,30101
43319,18539,30100
43320,18539,30101
43321,18540,30100
43322,18540,30101
43323,18541,30100
43324,18541,30101
43325,18542,30100
43326,18542,30101
43327,18543,30100
43328,18543,30101
43329,18544,30100
43330,18544,30101
43331,18545,30100
43332,18545,30101
43333,18546,30100
43334,18546,30101
43335,18547,30100
43336,18547,30101
43337,18548,30100
43338,18548,30101
43339,18549,30100
43340,18549,30101
43341,18550,30100
43342,18550,30101
43343,18551,30100
43344,18551,30101
43345,18552,30100
43346,18552,30101
43347,18553,30100
43348,18553,30101
43349,18554,30100
43350,18554,30101
43351,18555,30100
43352,18555,30101
43353,18556,30100
43354,18556,30101
43355,18557,30100
43356,18557,30101
43357,18558,30100
43358,18558,30101
43359,18559,30100
43360,18559,30101
43361,18560,30100
43362,18560,30101
43363,18561,30100
43364,18561,30101
43365,18562,30100
43366,18562,30101
43367,18563,30100
43368,18563,30101
43369,18564,30100
43370,18564,30101
43371,18565,30100
43372,18565,30101
43373,18566,30100
43374,18566,30101
43375,18567,30100
43376,18567,30101
43377,18568,30100
43378,18568,30101
43379,18569,30100
43380,18569,30101
43381,18570,30100
43382,18570,30101
43383,18571,30100
43384,18571,30101
43385,18572,30100
43386,18572,30101
43387,18573,30100
43388,18573,30101
43389,18574,30100
43390,18574,30101
43391,18575,30100
43392,18575,30101
43393,18576,30100
43394,18576,30101
43660,18681,30100
43661,18681,30101
43662,18682,30100
43663,18682,30101
43664,18683,30100
43665,18683,30101
43666,18684,30100
43667,18684,30101
43668,18685,30100
43669,18685,30101
43670,18686,30100
43671,18686,30101
43672,18687,30100
43673,18687,30101
43674,18688,30100
43675,18688,30101
43676,18689,30100
43677,18689,30101
43678,18690,30100
43679,18690,30101
43680,18691,30100
43681,18691,30101
43682,18692,30100
43683,18692,30101
43684,18693,30100
43685,18693,30101
43686,18694,30100
43687,18694,30101
43688,18695,30100
43689,18695,30101
43690,18696,30100
43691,18696,30101
43692,18697,30100
43693,18697,30101
43694,18698,30100
43695,18698,30101
43696,18699,30100
43697,18699,30101
43698,18700,30100
43699,18700,30101
43700,18701,30100
43701,18701,30102
43702,18702,30100
43703,18702,30102
43704,18703,30100
43705,18703,30102
43706,18704,30100
43707,18704,30102
43708,18705,30100
43709,18705,30102
43710,18706,30100
43711,18706,30102
43712,18707,30100
43713,18707,30102
43714,18708,30100
43715,18708,30102
43716,18709,30100
43717,18709,30102
43718,18710,30100
43719,18710,30102
43720,18711,30100
43721,18711,30102
43722,18712,30100
43723,18712,30102
43724,18713,30100
43725,18713,30102
43726,18714,20800
43727,18714,20173
43728,18714,20121
43729,18714,20122
43730,18714,20141
43731,18715,20800
43732,18715,20173
43733,18715,20121
43734,18715,20122
43735,18715,20141
43736,18716,20800
43737,18716,20173
43738,18716,20121
43739,18716,20122
43740,18716,20141
43741,18717,20800
43742,18717,20173
43743,18717,20121
43744,18717,20122
43745,18717,20141
43746,18718,20800
43747,18718,20173
43748,18718,20121
43749,18718,20122
43750,18718,20141
43751,18719,20800
43752,18719,20173
43753,18719,20121
43754,18719,20122
43755,18719,20141
43756,18720,20800
43757,18720,20173
43758,18720,20121
43759,18720,20122
43760,18720,20141
43761,18721,20800
43762,18721,20173
43763,18721,20121
43764,18721,20122
43765,18721,20141
43766,18722,20800
43767,18722,20173
43768,18722,20121
43769,18722,20122
43770,18722,20141
43771,18723,20800
43772,18723,20173
43773,18723,20121
43774,18723,20122
43775,18723,20141
43776,18724,20800
43777,18724,20173
43778,18724,20121
43779,18724,20122
43780,18724,20141
43781,18725,20800
43782,18725,20173
43783,18725,20121
43784,18725,20122
43785,18725,20141
43786,18726,20800
43787,18726,20173
43788,18726,20121
43789,18726,20122
43790,18726,20141
43791,18727,20800
43792,18727,20173
43793,18727,20121
43794,18727,20122
43795,18727,20141
43796,18728,20800
43797,18728,20173
43798,18728,20121
43799,18728,20122
43800,18728,20141
43801,18729,20800
43802,18729,20173
43803,18729,20121
43804,18729,20122
43805,18729,20141
43806,18730,20800
43807,18730,20173
43808,18730,20121
43809,18730,20122
43810,18730,20141
43811,18731,20800
43812,18731,20173
43813,18731,20121
43814,18731,20122
43815,18731,20141
43816,18732,20800
43817,18732,20173
43818,18732,20121
43819,18732,20122
43820,18732,20141
43821,18733,20800
43822,18733,20173
43823,18733,20121
43824,18733,20122
43825,18733,20141
43826,18734,20800
43827,18734,20173
43828,18734,20121
43829,18734,20122
43830,18734,20141
43831,18735,20800
43832,18735,20173
43833,18735,20121
43834,18735,20122
43835,18735,20141
43836,18736,20800
43837,18736,20173
43838,18736,20121
43839,18736,20122
43840,18736,20141
43841,18737,20800
43842,18737,20173
43843,18737,20121
43844,18737,20122
43845,18737,20141
43846,18738,20800
43847,18738,20173
43848,18738,20121
43849,18738,20122
43850,18738,20141
43851,18739,20800
43852,18739,20173
43853,18739,20121
43854,18739,20122
43855,18739,20141
43856,18740,20800
43857,18740,20173
43858,18740,20121
43859,18740,20122
43860,18740,20141
43861,18741,20800
43862,18741,20173
43863,18741,20121
43864,18741,20122
43865,18741,20141
43866,18742,20800
43867,18742,20173
43868,18742,20121
43869,18742,20122
43870,18742,20141
43871,18743,20800
43872,18743,20173
43873,18743,20121
43874,18743,20122
43875,18743,20141
43876,18744,20800
43877,18744,20173
43878,18744,20121
43879,18744,20122
43880,18744,20141
43881,18745,20800
43882,18745,20173
43883,18745,20121
43884,18745,20122
43885,18745,20141
43886,18746,20800
43887,18746,20173
43888,18746,20121
43889,18746,20122
43890,18746,20141
43891,18747,20800
43892,18747,20173
43893,18747,20121
43894,18747,20122
43895,18747,20141
43896,18748,20800
43897,18748,20173
43898,18748,20121
43899,18748,20122
43900,18748,20141
43901,18749,20800
43902,18749,20173
43903,18749,20121
43904,18749,20122
43905,18749,20141
43906,18750,20800
43907,18750,20173
43908,18750,20121
43909,18750,20122
43910,18750,20141
43911,18751,20800
43912,18751,20173
43913,18751,20121
43914,18751,20122
43915,18751,20141
43916,18752,20800
43917,18752,20173
43918,18752,20121
43919,18752,20122
43920,18752,20141
43921,18753,20800
43922,18753,20173
43923,18753,20121
43924,18753,20122
43925,18753,20141
43926,18754,20800
43927,18754,20173
43928,18754,20121
43929,18754,20122
43930,18754,20141
43931,18755,20800
43932,18755,20173
43933,18755,20121
43934,18755,20122
43935,18755,20141
43936,18756,30100
43937,18756,30102
43938,18756,40101
43939,18757,30100
43940,18757,30102
43941,18757,40101
43942,18758,30100
43943,18758,30102
43944,18758,40101
43945,18759,30100
43946,18759,30102
43947,18759,40101
43948,18760,30100
43949,18760,30102
43950,18760,40101
43951,18761,30100
43952,18761,30102
43953,18761,40101
43954,18762,30100
43955,18762,30102
43956,18762,40101
43957,18763,30100
43958,18763,30102
43959,18763,40101
43960,18764,30100
43961,18764,30102
43962,18764,40101
43963,18765,20800
43964,18765,20173
43965,18765,20121
43966,18765,20141
47800,19937,20800
47801,19937,20173
47802,19937,20121
47803,19938,20800
47804,19938,20173
47805,19938,20121
47806,19939,20800
47807,19939,20173
47808,19939,20121
47809,19940,20800
47810,19940,20173
47811,19940,20121
47812,19941,20800
47813,19941,20173
47814,19941,20121
47815,19942,20800
47816,19942,20173
47817,19942,20121
47818,19943,20800
47819,19943,20173
47820,19943,20121
47821,19944,20800
47822,19944,20173
47823,19944,20121
47824,19945,20800
47825,19945,20173
47826,19945,20121
47827,19946,20800
47828,19946,20173
47829,19946,20121
47830,19947,20800
47831,19947,20173
47832,19947,20121
47833,19948,20800
47834,19948,20173
47835,19948,20121
47836,19949,20800
47837,19949,20173
47838,19949,20120
47839,19949,20805
47840,19950,20800
47841,19950,20173
47842,19950,20120
47843,19950,20805
47844,19951,20800
47845,19951,20173
47846,19951,20120
47847,19951,20805
47848,19952,10200
47849,19952,10202
47875,19958,30100
47876,19958,30102
47877,19959,30100
47878,19959,30102
47879,19960,30100
47880,19960,30102
47881,19961,30100
47882,19961,30102
47883,19962,30100
47884,19962,30102
47885,19963,30100
47886,19963,30102
47887,19964,30100
47888,19964,30102
47889,19965,30100
47890,19965,30102
47891,19966,30100
47892,19966,30102
47893,19967,30100
47894,19967,30102
47895,19968,30100
47896,19968,30102
47897,19969,30100
47898,19969,30102
48639,20145,10300
48640,20145,10303
48641,20146,10300
48642,20146,10303
48645,20147,10300
48646,20147,10303
48647,20148,10300
48680,20168,10300
48681,20168,10303
48682,20169,10300
48683,20169,10303
48684,20170,00300
48685,20170,00301
48686,20170,10300
48687,20170,10303
48688,20171,00300
48689,20171,00301
48690,20171,10300
48691,20171,10303
48692,20172,10300
48693,20172,10303
48694,20172,00400
48695,20173,10300
48696,20173,10303
48697,20173,00400
48698,20174,10300
48699,20174,10303
48700,20174,00400
48701,20175,10300
48702,20175,10303
48703,20175,00400
48704,20176,10300
48705,20176,10303
48706,20176,00400
48710,20178,10300
48711,20178,10303
48712,20178,00300
48713,20179,10300
48714,20179,10303
48715,20179,00300
48716,20180,10300
48717,20180,10303
48718,20180,00300
48719,20181,10300
48720,20181,10303
48721,20181,00300
48722,20182,10300
48723,20182,10303
48724,20182,00300
48725,20183,10300
48726,20183,10303
48727,20183,00300
48847,20219,10300
48848,20219,10303
48853,20222,10300
48854,20222,10303
48855,20223,10300
48856,20223,10303
48857,20224,10300
48858,20224,10303
48859,20225,10300
48860,20225,10303
48861,20226,10300
48862,20226,10303
48863,20227,10300
48864,20227,10303
48865,20228,10300
48868,20229,10300
48869,20229,10303
48870,20230,10300
48871,20230,10303
48872,20231,10300
49344,20385,10300
49345,20385,10302
49346,20385,00300
49347,20385,00302
49348,20386,00300
49349,20386,00302
49350,20386,10300
49351,20386,10302
49352,20387,10300
49353,20387,10301
49354,20387,00300
49355,20387,00301
49356,20388,10300
49357,20388,10301
49358,20388,00300
49359,20388,00301
49360,20389,10300
49361,20389,10301
49362,20389,00300
49363,20389,00301
49364,20390,10300
49365,20390,10301
49366,20390,00300
49367,20390,00302
49368,20391,10300
49369,20391,10301
49370,20391,00300
49371,20391,00302
49372,20392,10300
49373,20392,10301
49374,20392,00300
49375,20392,00301
49376,20393,10300
49377,20393,10301
49378,20393,00300
49379,20393,00302
49380,20394,00300
49381,20394,00302
49382,20394,10300
49383,20394,10302
49472,20420,00300
49473,20420,00302
49474,20420,10300
49475,20420,10302
49476,20421,00300
49477,20421,00302
49478,20421,10300
49479,20421,10302
49480,20422,00300
49481,20422,00302
49482,20422,10300
49483,20422,10301
49484,20423,00300
49485,20423,00302
49486,20423,10300
49487,20423,10301
49488,20424,00300
49489,20424,00302
49490,20424,10300
49491,20424,10301
49492,20425,00300
49493,20425,00302
49494,20425,10300
49495,20425,10302
49496,20426,00300
49497,20426,00302
49498,20426,10300
49499,20426,10302
49500,20427,00300
49501,20427,00302
49502,20427,10300
49503,20427,10302
49504,20428,00300
49505,20428,00302
49506,20428,10300
49507,20428,10302
49508,20429,00300
49509,20429,00302
49510,20429,10300
49511,20429,10302
49512,20430,00300
49513,20430,00302
49514,20430,10300
49515,20430,10302
49516,20431,00300
49517,20431,00302
49518,20431,10300
49519,20431,10302
49520,20432,00300
49521,20432,00302
49522,20432,10300
49523,20432,10302
49524,20433,00300
49525,20433,00302
49526,20433,10300
49527,20433,10302
49528,20434,00300
49529,20434,00302
49530,20434,10300
49531,20434,10302
49536,20436,00300
49537,20436,00302
49538,20436,10300
49539,20436,10302
49540,20437,00300
49541,20437,00302
49542,20437,10300
49543,20437,10302
49544,20438,00300
49545,20438,00302
49546,20438,10300
49547,20438,10301
49548,20439,00300
49549,20439,00302
49550,20439,10300
49551,20439,10301
49552,20440,00300
49553,20440,00302
49554,20440,10300
49555,20440,10301
49556,20441,00300
49557,20441,00302
49558,20441,10300
49559,20441,10301
49560,20442,10300
49561,20442,10301
49562,20442,00301
49563,20443,10300
49564,20443,10301
49565,20443,00301
49566,20444,10300
49567,20444,10301
49568,20444,00400
49569,20445,10300
49570,20445,10301
49571,20445,00400
49572,20446,10300
49573,20446,10302
49574,20446,00400
49578,20447,00400
49579,20447,10300
49580,20447,10302
49581,20448,00300
49582,20448,00302
49583,20448,10300
49584,20448,10302
49585,20449,00300
49586,20449,00302
49587,20449,10300
49588,20449,10302
49589,20450,00300
49590,20450,00302
49591,20450,10300
49592,20450,10302
49593,20451,00400
49594,20451,10300
49595,20451,10301
49596,20452,00400
49597,20452,10300
49598,20452,10301
49642,20464,20800
49643,20464,20120
49644,20465,00300
49645,20465,00302
49646,20465,10300
49647,20465,10302
49648,20466,00300
49649,20466,00302
49650,20466,10300
49651,20466,10302
49652,20467,00300
49653,20467,00302
49654,20467,10300
49655,20467,10302
49656,20468,00300
49657,20468,00302
49658,20468,10300
49659,20468,10302
49660,20469,00300
49661,20469,00302
49662,20469,10300
49663,20469,10302
49664,20470,00300
49665,20470,00302
49666,20470,10300
49667,20470,10302
49668,20471,00300
49669,20471,00302
49670,20471,10300
49671,20471,10302
49672,20472,00300
49673,20472,00302
49674,20472,10300
49675,20472,10302
50708,20767,10300
50709,20767,10302
50710,20767,00300
50711,20767,00302
50712,20768,10300
50713,20768,10302
50714,20768,00300
50715,20768,00302
50720,20769,10300
50721,20769,10302
50722,20769,00300
50723,20769,00302
50724,20770,10300
50725,20770,10302
50726,20770,00300
50727,20770,00302
50728,20771,10300
50729,20771,10302
50730,20771,00300
50731,20771,00302
50732,20772,10300
50733,20772,10302
50734,20772,00300
50735,20772,00302
50736,20773,10300
50737,20773,10302
50738,20773,00300
50739,20773,00302
50740,20774,10300
50741,20774,10302
50742,20774,00300
50743,20774,00302
50744,20775,10300
50745,20775,10302
50746,20775,00300
50747,20775,00302
50748,20776,10300
50749,20776,10302
50750,20776,00300
50751,20776,00302
50752,20777,00300
50753,20777,00302
50754,20777,10300
50755,20777,10301
50756,20778,00300
50757,20778,00302
50758,20778,10300
50759,20778,10302
50760,20779,00300
50761,20779,00302
50762,20779,10300
50763,20779,10302
50764,20780,00300
50765,20780,00302
50766,20780,10300
50767,20780,10302
50768,20781,00300
50769,20781,00302
50770,20781,10300
50771,20781,10302
53446,21510,00300
53447,21510,00301
53448,21510,10300
53449,21510,10301
53454,21511,00300
53455,21511,00301
53456,21512,00300
53457,21512,00301
53458,21513,00300
53459,21513,00301
53460,21514,00300
53461,21514,00302
53462,21514,10300
53463,21514,10302
53464,21515,00300
53465,21515,00302
53466,21515,10300
53467,21515,10302
53468,21516,00300
53469,21516,00302
53470,21517,00300
53471,21517,00302
53520,21533,00300
53521,21533,00301
53522,21534,00300
53523,21534,00301
55406,22030,00300
55407,22030,00302
55408,22031,00300
55409,22031,00302
55412,22033,00300
55413,22033,00302
55440,22043,00300
55441,22043,00301
55442,22044,00300
55443,22044,00301
55446,22046,00400
55447,22047,00400
55448,22048,00400
55449,22049,00400
55450,22050,00400
55533,22074,00400
55932,22203,00300
55933,22203,00302
55934,22203,10300
55935,22203,10302
55940,22204,00300
55941,22204,00302
55942,22204,10300
55943,22204,10302
55952,22207,00300
55953,22207,00301
55954,22207,10300
55955,22207,10301
55956,22208,00300
55957,22208,00301
55958,22208,10300
55959,22208,10301
55960,22209,00300
55961,22209,00301
55962,22209,10300
55963,22209,10301
55964,22210,00300
55965,22210,00301
55966,22210,10300
55967,22210,10302
55968,22211,00300
55969,22211,00301
55970,22211,10300
55971,22211,10301
55972,22212,00300
55973,22212,00301
55974,22212,10300
55975,22212,10301
55976,22213,00300
55977,22213,00301
55978,22213,10300
55979,22213,10301
55980,22214,00300
55981,22214,00301
55982,22214,10300
55983,22214,10302
55984,22215,00300
55985,22215,00301
55986,22215,10300
55987,22215,10302
56095,22247,00300
56096,22247,00301
56097,22247,10300
56098,22247,10302
56099,22248,00300
56100,22248,00301
56101,22248,10300
56102,22248,10301
56175,22267,10300
56176,22267,10301
56177,22267,00400
56178,22268,10300
56179,22268,10301
56180,22268,00400
56181,22269,10300
56182,22269,10301
56183,22269,00400
56184,22270,10300
56185,22270,10301
56186,22270,00400
56187,22271,10300
56188,22271,10301
56189,22271,00300
56190,22271,00301
56258,22292,00300
56259,22292,00302
56260,22293,00300
56261,22293,00301
56262,22293,10300
56263,22293,10301
56264,22294,00300
56265,22294,00301
56266,22295,00300
56267,22295,00301
56268,22296,00300
56269,22296,00302
56272,22297,00300
56273,22297,00302
56274,22298,00300
56275,22298,00302
56276,22299,10300
56277,22299,10302
56278,22299,00300
56279,22299,00302
56280,22300,00300
56281,22300,00301
56282,22301,00300
56283,22301,00301
56284,22302,00300
56285,22302,00302
56286,22302,10300
56287,22302,10302
56288,22303,00300
56289,22303,00301
56292,22304,00300
56293,22304,00301
56294,22305,00300
56295,22305,00301
56296,22306,00300
56297,22306,00302
56298,22307,00300
56299,22307,00301
56300,22308,00300
56301,22308,00301
56384,22329,00300
56385,22329,00302
56386,22329,10300
56387,22329,10302
56388,22330,00300
56389,22330,00302
56390,22330,10300
56391,22330,10302
56392,22331,00300
56393,22331,00302
56394,22331,10300
56395,22331,10302
56398,22332,00300
56399,22332,00301
56400,22333,00300
56401,22333,00301
56402,22334,00300
56403,22334,00301
56404,22334,10300
56405,22334,10301
56406,22335,00300
56407,22335,00301
56408,22335,10300
56409,22335,10301
56410,22336,00300
56411,22336,00301
56412,22336,10300
56413,22336,10301
57103,22527,00300
57104,22527,00302
57105,22527,10300
57106,22527,10302
57107,22528,00300
57108,22528,00302
57109,22528,10300
57110,22528,10302
57111,22529,10300
57112,22529,10301
57113,22529,00300
57114,22529,00301
57115,22530,10300
57116,22530,10301
57117,22530,00300
57118,22530,00301
57119,22531,00300
57120,22531,00302
57121,22531,10300
57122,22531,10302
57123,22532,10300
57124,22532,10301
57125,22532,00300
57126,22532,00301
57357,22599,00300
57358,22599,00301
57359,22599,10300
57360,22599,10301
57361,22600,00300
57362,22600,00301
57363,22600,10300
57364,22600,10301
57365,22601,00300
57366,22601,00301
57367,22601,10300
57368,22601,10301
57369,22602,00300
57370,22602,00301
57371,22602,10300
57372,22602,10301
57373,22603,00300
57374,22603,00301
57375,22603,10300
57376,22603,10301
57379,22605,00300
57380,22605,00301
57381,22605,10300
57382,22605,10301
57383,22606,00300
57384,22606,00301
57385,22606,10300
57386,22606,10301
57613,22671,00300
57614,22671,00301
57615,22671,10300
57616,22671,10302
57617,22672,00300
57618,22672,00301
57619,22672,10300
57620,22672,10302
57621,22673,00300
57622,22673,00301
57623,22673,10300
57624,22673,10302
57717,22698,00300
57718,22698,00301
57719,22698,10300
57720,22698,10301
57721,22699,00300
57722,22699,00301
57723,22699,10300
57724,22699,10301
57878,22745,00300
57879,22745,00301
57880,22745,10300
57881,22745,10301
57886,22747,10300
57887,22747,10301
57888,22747,00300
57889,22747,00302
57890,22748,00300
57891,22748,00302
57892,22748,10300
57893,22748,10302
57894,22749,00300
57895,22749,00302
57896,22749,10300
57897,22749,10302
57898,22750,00300
57899,22750,00302
57900,22750,10300
57901,22750,10302
57902,22751,00300
57903,22751,00302
57904,22751,10300
57905,22751,10302
57906,22752,00300
57907,22752,00301
57908,22752,10300
57909,22752,10301
57910,22753,00300
57911,22753,00301
57912,22753,10300
57913,22753,10301
57914,22754,00300
57915,22754,00301
57916,22754,10300
57917,22754,10301
57918,22755,00300
57919,22755,00301
57920,22755,10300
57921,22755,10301
57922,22756,10300
57923,22756,10302
57924,22756,00300
57925,22756,00302
57930,22758,00300
57931,22758,00302
57932,22758,10300
57933,22758,10302
58654,22957,00300
58655,22957,00302
58656,22957,10300
58657,22957,10301
58678,22963,00300
58679,22963,00302
58680,22963,10300
58681,22963,10302
58702,22969,00300
58703,22969,00302
58704,22969,10300
58705,22969,10303
58710,22971,00300
58711,22971,00302
58712,22971,10300
58713,22971,10303
58730,22976,00300
58731,22976,00302
58732,22976,10300
58733,22976,10303
58746,22980,00300
58747,22980,00302
58748,22980,10300
58749,22980,10303
58756,22984,10300
58757,22984,10303
58758,22984,00300
58759,22984,00303
58760,22985,10300
58761,22985,10303
58762,22985,00400
58763,22986,10300
58764,22986,10303
58765,22986,00400
58766,22987,10300
58767,22987,10303
58768,22987,00400
58769,22988,10300
58770,22988,10303
58771,22988,00300
58772,22988,00303
58773,22989,10300
58774,22989,10303
58775,22989,00300
58776,22989,00303
58777,22990,10300
58778,22990,10303
58779,22990,00300
58780,22990,00303
58952,23039,00300
58953,23039,00302
58954,23039,10300
58955,23039,10301
58956,23040,00300
58957,23040,00302
58958,23040,10300
58959,23040,10301
58960,23041,10300
58961,23041,10302
58962,23041,00400
58963,23042,00300
58964,23042,00301
58965,23042,10300
58966,23042,10303
58967,23043,00300
58968,23043,00301
58969,23043,10300
58970,23043,10303
58971,23044,00300
58972,23044,00301
58973,23044,10300
58974,23044,10303
58975,23045,10300
58976,23045,10301
58977,23045,00400
59027,23061,00300
59028,23061,00302
59029,23061,10300
59030,23061,10301
59031,23062,00300
59032,23062,00302
59033,23062,10300
59034,23062,10301
59251,23127,00300
59252,23127,00302
59253,23127,10300
59254,23127,10301
59255,23128,00300
59256,23128,00302
59257,23128,10300
59258,23128,10301
59259,23129,00300
59260,23129,00302
59261,23129,10300
59262,23129,10301
59263,23130,10300
59264,23130,10301
59265,23130,00300
59266,23130,00301
59293,23140,00300
59294,23140,00302
59295,23140,10300
59296,23140,10301
59297,23141,00300
59298,23141,00302
59299,23141,10300
59300,23141,10301
59378,23176,00300
59379,23176,00302
59380,23176,10300
59381,23176,10302
59382,23177,00300
59383,23177,00302
59384,23177,10300
59385,23177,10302
59484,23218,00300
59485,23218,00302
59486,23218,10300
59487,23218,10301
59586,23272,00300
59587,23272,00301
59588,23272,30100
59589,23272,30101
59590,23271,00300
59591,23271,00301
59592,23271,30100
59593,23271,30101
59676,23315,00300
59677,23315,00302
59678,23315,10300
59679,23315,10302
59680,23316,00300
59681,23316,00302
59682,23316,10300
59683,23316,10302
59688,23318,00300
59689,23318,00302
59690,23318,10300
59691,23318,10302
59692,23319,00300
59693,23319,00302
59694,23319,10300
59695,23319,10302
59696,23317,00300
59697,23317,00302
59698,23317,10300
59699,23317,10302
59700,23320,00300
59701,23320,00302
59702,23320,10300
59703,23320,10302
59704,23321,00300
59705,23321,00302
59706,23321,10300
59707,23321,10302
59708,23322,00300
59709,23322,00301
59710,23322,10300
59711,23322,10301
59712,23323,00300
59713,23323,00302
59714,23323,10300
59715,23323,10302
59716,23324,00300
59717,23324,00302
59718,23324,10300
59719,23324,10302
59720,23325,00300
59721,23325,00302
59722,23325,10300
59723,23325,10302
59724,23326,00300
59725,23326,00302
59726,23326,10300
59727,23326,10302
59728,23327,00300
59729,23327,00302
59730,23327,10300
59731,23327,10302
59732,23328,00300
59733,23328,00302
59734,23328,10300
59735,23328,10302
59736,23329,10300
59737,23329,10301
59738,23329,00300
59739,23329,00301
59740,23330,10300
59741,23330,10301
59742,23330,00300
59743,23330,00301
59744,23331,00300
59745,23331,00302
59746,23331,10300
59747,23331,10302
59748,23332,00300
59749,23332,00302
59750,23332,10300
59751,23332,10302
59752,23333,00300
59753,23333,00302
59754,23333,10300
59755,23333,10302
59756,23334,00300
59757,23334,00302
59758,23334,10300
59759,23334,10302
59760,23335,00300
59761,23335,00302
59762,23335,10300
59763,23335,10302
60717,23625,00400
60718,23626,00400
60736,23634,00300
60737,23634,00302
60738,23634,10300
60739,23634,10302
60740,23633,00300
60741,23633,00302
60742,23633,10300
60743,23633,10302
60744,23635,00300
60745,23635,00302
60746,23635,10300
60747,23635,10302
60748,23636,00300
60749,23636,00302
60750,23636,10300
60751,23636,10302
60752,23637,00300
60753,23637,00302
60754,23637,10300
60755,23637,10302
60756,23638,00300
60757,23638,00302
60758,23638,10300
60759,23638,10302
60760,23639,00300
60761,23639,00302
60762,23639,10300
60763,23639,10302
60764,23640,00300
60765,23640,00302
60766,23640,10300
60767,23640,10302
60768,23641,00300
60769,23641,00302
60770,23641,10300
60771,23641,10302
60772,23642,00300
60773,23642,00302
60774,23642,10300
60775,23642,10302
60776,23643,00400
60777,23643,10300
60778,23643,10301
60779,23644,00400
60780,23644,10300
60781,23644,10301
60782,23645,00400
60783,23645,10300
60784,23645,10301
61319,23759,00300
61320,23759,00302
61321,23759,10300
61322,23759,10302
61323,23760,00300
61324,23760,00302
61325,23760,10300
61326,23760,10302
61327,23761,00300
61328,23761,00302
61329,23761,10300
61330,23761,10302
61459,23795,00300
61460,23795,00302
61461,23795,10300
61462,23795,10302
61463,23796,00300
61464,23796,00302
61465,23796,10300
61466,23796,10302
61467,23797,00300
61468,23797,00302
61469,23797,10300
61470,23797,10302
61471,23798,00300
61472,23798,00302
61473,23798,10300
61474,23798,10302
61475,23799,00300
61476,23799,00302
61477,23799,10300
61478,23799,10302
61479,23800,00300
61480,23800,00302
61481,23800,10300
61482,23800,10302
61483,23801,00300
61484,23801,00302
61485,23801,10300
61486,23801,10302
67767,25463,30100
67768,25463,30102
67769,25464,30100
67770,25464,30102
67771,25465,30100
67772,25465,30102
67773,25466,30100
67774,25466,30102
67775,25467,30100
67776,25467,30102
67777,25468,30100
67778,25468,30102
67779,25469,30100
67780,25469,30102
67781,25470,30100
67782,25470,30102
67783,25471,30100
67784,25471,30102
67785,25472,30100
67786,25472,30102
67787,25473,30100
67788,25473,30102
67789,25474,30100
67790,25474,30101
67791,25475,30100
67792,25475,30101
67793,25476,30100
67794,25476,30101
67795,25477,30100
67796,25477,30101
67797,25478,30100
67798,25478,30101
67799,25479,30100
67800,25479,30101
67801,25480,30100
67802,25480,30101
67803,25481,30100
67804,25481,30101
67805,25482,30100
67806,25482,30101
67807,25483,30100
67808,25483,30101
67809,25484,30100
67810,25484,30101
67811,25485,30100
67812,25485,30101
67813,25486,30100
67814,25486,30101
67815,25487,30100
67816,25487,30101
67817,25488,30100
67818,25488,30101
67819,25489,30100
67820,25489,30101
67821,25490,30100
67822,25490,30101
67823,25491,30100
67824,25491,30101
67825,25492,30100
67826,25492,30101
67827,25493,30100
67828,25493,30101
67829,25494,30100
67830,25494,30101
67831,25495,30100
67832,25495,30101
67833,25496,30100
67834,25496,30101
67835,25497,30100
67836,25497,30101
67837,25498,30100
67838,25498,30101
67839,25499,30100
67840,25499,30101
67841,25500,30100
67842,25500,30101
67843,25501,30100
67844,25501,30101
67845,25502,30100
67846,25502,30101
67847,25503,30100
67848,25503,30101
67849,25504,30100
67850,25504,30101
67851,25505,30100
67852,25505,30101
67853,25506,30100
67854,25506,30101
67855,25507,30100
67856,25507,30101
67857,25508,30100
67858,25508,30101
67859,25509,30100
67860,25509,30101
67861,25510,30100
67862,25510,30101
67863,25510,00300
67864,25510,00303
67865,25510,10300
67866,25510,10303
67867,25511,30100
67868,25511,30101
67869,25511,00300
67870,25511,00303
67871,25511,10300
67872,25511,10303
67873,25512,30100
67874,25512,30101
67875,25512,00300
67876,25512,00303
67877,25512,10300
67878,25512,10303
67879,25513,30100
67880,25513,30101
67881,25513,00300
67882,25513,00303
67883,25513,10300
67884,25513,10303
67885,25514,30100
67886,25514,30101
67887,25514,00300
67888,25514,00303
67889,25514,10300
67890,25514,10303
67891,25515,30100
67892,25515,30101
67893,25515,00300
67894,25515,00303
67895,25515,10300
67896,25515,10303
67897,25516,30100
67898,25516,30101
67899,25516,00300
67900,25516,00303
67901,25516,10300
67902,25516,10303
67903,25517,30100
67904,25517,30101
67905,25517,00300
67906,25517,00303
67907,25517,10300
67908,25517,10303
67909,25518,30100
67910,25518,30101
67911,25518,00300
67912,25518,00303
67913,25518,10300
67914,25518,10303
67915,25519,30100
67916,25519,30101
67917,25519,00300
67918,25519,00303
67919,25519,10300
67920,25519,10303
67921,25520,30100
67922,25520,30101
67923,25520,00300
67924,25520,00303
67925,25520,10300
67926,25520,10303
67927,25521,30100
67928,25521,30101
67929,25521,00300
67930,25521,00303
67931,25521,10300
67932,25521,10303
67933,25522,30100
67934,25522,30101
67935,25522,00300
67936,25522,00303
67937,25522,10300
67938,25522,10303
67939,25523,30100
67940,25523,30101
67941,25523,00300
67942,25523,00303
67943,25523,10300
67944,25523,10303
67945,25524,30100
67946,25524,30101
67947,25524,00300
67948,25524,00303
67949,25524,10300
67950,25524,10303
67951,25525,30100
67952,25525,30101
67953,25525,00300
67954,25525,00303
67955,25525,10300
67956,25525,10303
67957,25526,30100
67958,25526,30101
67959,25526,00300
67960,25526,00303
67961,25526,10300
67962,25526,10303
67963,25527,30100
67964,25527,30101
67965,25527,00300
67966,25527,00303
67967,25527,10300
67968,25527,10303
67969,25528,30100
67970,25528,30101
67971,25528,00300
67972,25528,00303
67973,25528,10300
67974,25528,10303
67975,25529,30100
67976,25529,30101
67977,25529,00300
67978,25529,00303
67979,25529,10300
67980,25529,10303
67981,25530,30100
67982,25530,30101
67983,25530,00300
67984,25530,00303
67985,25530,10300
67986,25530,10303
67987,25531,30100
67988,25531,30101
67989,25531,00300
67990,25531,00303
67991,25531,10300
67992,25531,10303
67993,25532,30100
67994,25532,30101
67995,25532,00300
67996,25532,00303
67997,25532,10300
67998,25532,10303
67999,25533,20800
68000,25533,20803
68001,25533,20121
68002,25533,20122
68003,25533,20141
68004,25534,20800
68005,25534,20803
68006,25534,20121
68007,25534,20122
68008,25534,20141
68009,25535,20800
68010,25535,20803
68011,25535,20121
68012,25535,20122
68013,25535,20141
68014,25536,20800
68015,25536,20803
68016,25536,20121
68017,25536,20122
68018,25536,20141
68019,25537,20800
68020,25537,20803
68021,25537,20121
68022,25537,20122
68023,25537,20141
68024,25538,20800
68025,25538,20803
68026,25538,20121
68027,25538,20122
68028,25538,20141
68029,25539,20800
68030,25539,20803
68031,25539,20121
68032,25539,20122
68033,25539,20141
68034,25540,20800
68035,25540,20803
68036,25540,20121
68037,25540,20122
68038,25540,20141
68039,25541,20800
68040,25541,20803
68041,25541,20121
68042,25541,20122
68043,25541,20141
68044,25542,20800
68045,25542,20803
68046,25542,20121
68047,25542,20122
68048,25542,20141
68049,25543,20800
68050,25543,20803
68051,25543,20121
68052,25543,20122
68053,25543,20141
68054,25544,20800
68055,25544,20803
68056,25544,20121
68057,25544,20122
68058,25544,20141
68059,25545,20800
68060,25545,20803
68061,25545,20121
68062,25545,20122
68063,25545,20141
68064,25546,20800
68065,25546,20803
68066,25546,20121
68067,25546,20122
68068,25546,20141
68069,25547,20800
68070,25547,20803
68071,25547,20121
68072,25547,20122
68073,25547,20141
68074,25548,20800
68075,25548,20803
68076,25548,20121
68077,25548,20122
68078,25548,20141
68079,25549,20800
68080,25549,20803
68081,25549,20121
68082,25549,20122
68083,25549,20141
68084,25550,20800
68085,25550,20803
68086,25550,20121
68087,25550,20122
68088,25550,20141
68089,25551,20800
68090,25551,20803
68091,25551,20121
68092,25551,20122
68093,25551,20141
68094,25552,20800
68095,25552,20803
68096,25552,20121
68097,25552,20122
68098,25552,20141
68099,25553,20800
68100,25553,20803
68101,25553,20121
68102,25553,20122
68103,25553,20141
68104,25554,30100
68105,25554,30101
68106,25555,30100
68107,25555,30101
68108,25556,30100
68109,25556,30101
68110,25557,30100
68111,25557,30101
68112,25558,30100
68113,25558,30101
68114,25559,30100
68115,25559,30101
68116,25560,30100
68117,25560,30101
68118,25561,30100
68119,25561,30101
68120,25562,30100
68121,25562,30101
68122,25563,30100
68123,25563,30101
68124,25564,30100
68125,25564,30101
68126,25565,30100
68127,25565,30101
68128,25566,30100
68129,25566,30101
68130,25567,30100
68131,25567,30101
68132,25568,30100
68133,25568,30101
68134,25569,30100
68135,25569,30101
68136,25570,30100
68137,25570,30101
68138,25571,30100
68139,25571,30101
68140,25572,30100
68141,25572,30101
68142,25573,30100
68143,25573,30101
68144,25574,30100
68145,25574,30101
68146,25575,30100
68147,25575,30101
68148,25576,30100
68149,25576,30101
68150,25577,30100
68151,25577,30101
68152,25578,30100
68153,25578,30101
68154,25579,30100
68155,25579,30101
68156,25580,30100
68157,25580,30101
68158,25581,30100
68159,25581,30101
68160,25582,30100
68161,25582,30101
68162,25583,30100
68163,25583,30101
68164,25584,30100
68165,25584,30101
68166,25585,30100
68167,25585,30101
68168,25586,30100
68169,25586,30101
68170,25587,30100
68171,25587,30101
68172,25588,30100
68173,25588,30101
68174,25589,30100
68175,25589,30101
68176,25590,30100
68177,25590,30101
68178,25591,30100
68179,25591,30101
68180,25592,30100
68181,25592,30101
68182,25593,30100
68183,25593,30101
68184,25594,30100
68185,25594,30101
68186,25595,30100
68187,25595,30101
68188,25596,30100
68189,25596,30101
68190,25597,30100
68191,25597,30101
68192,25598,30100
68193,25598,30101
68194,25599,30100
68195,25599,30101
68196,25600,30100
68197,25600,30101
68198,25601,30100
68199,25601,30101
68200,25602,30100
68201,25602,30101
68202,25603,30100
68203,25603,30101
68204,25604,30100
68205,25604,30101
68206,25605,30100
68207,25605,30101
68208,25606,30100
68209,25606,30101
68210,25607,30100
68211,25607,30101
68212,25608,30100
68213,25608,30101
68214,25609,30100
68215,25609,30101
68216,25610,30100
68217,25610,30101
68218,25611,30100
68219,25611,30101
68220,25612,30100
68221,25612,30101
68222,25613,30100
68223,25613,30101
68230,25615,30100
68231,25615,30101
68232,25615,00300
68233,25615,00302
68234,25615,10300
68235,25615,10303
68236,25616,30100
68237,25616,30101
68238,25616,00300
68239,25616,00302
68240,25616,10300
68241,25616,10303
68248,25618,30100
68249,25618,30101
68250,25618,00300
68251,25618,00302
68252,25618,10300
68253,25618,10303
68254,25619,30100
68255,25619,30101
68256,25619,00300
68257,25619,00302
68258,25619,10300
68259,25619,10303
68260,25620,30100
68261,25620,30101
68262,25620,00300
68263,25620,00302
68264,25620,10300
68265,25620,10303
68266,25621,30100
68267,25621,30101
68268,25621,00300
68269,25621,00302
68270,25621,10300
68271,25621,10303
68272,25622,30100
68273,25622,30101
68274,25622,00300
68275,25622,00302
68276,25622,10300
68277,25622,10303
69623,25905,30100
69624,25905,30102
69625,25904,30100
69626,25904,30102
69627,25906,20800
69628,25906,30100
69629,25906,30102
69630,25907,20800
69631,25907,30100
69632,25907,30102
69633,25908,20800
69634,25908,30100
69635,25908,30102
69636,25908,20805
69637,25909,20800
69638,25909,30100
69639,25909,30102
69640,25909,20805
71346,26265,20800
71347,26265,20121
71348,26266,30100
71349,26266,30102
71350,26267,30100
71351,26267,30102
71352,26268,30100
71353,26268,30102
71354,26269,20800
71355,26269,20804
71356,26269,20141
71357,26270,20800
71358,26270,20804
71359,26270,20141
71360,26271,30100
71361,26271,30101
71362,26272,30100
71363,26272,30102
71364,26273,30100
71365,26273,30102
71388,26285,30100
71389,26285,30101
71390,26286,30100
71391,26286,30101
71392,26287,30100
71393,26287,30102
71394,26288,30100
71395,26288,30102
71396,26289,20800
71397,26289,20121
71398,26290,20800
71399,26290,20121
71400,26291,20800
71401,26291,20120
71402,26292,30100
71403,26292,30102
71404,26293,30100
71405,26293,30101
71406,26294,30100
71407,26294,30102
71408,26295,30100
71409,26295,30102
71410,26296,30100
71411,26296,30102
71412,26297,30100
71413,26297,30102
71434,26306,30100
71435,26306,30102
71436,26307,30100
71437,26307,30102
71442,26310,20800
71443,26310,20173
71444,26310,20804
71445,26310,20805
71446,26311,20800
71447,26311,20173
71448,26311,20804
71449,26311,20805
71454,26314,30100
71455,26314,30102
71456,26315,30100
71457,26315,30102
71458,26316,30100
71459,26316,30102
71460,26317,30100
71461,26317,30102
71462,26318,30100
71463,26318,30102
71464,26319,30100
71465,26319,30102
71466,26320,30100
71467,26320,30102
71468,26321,30100
71469,26321,30102
71470,26322,30100
71471,26322,30102
71472,26323,30100
71473,26323,30102
71474,26324,30100
71475,26324,30102
71476,26325,30100
71477,26325,30102
71478,26326,30100
71479,26326,30102
71480,26327,30100
71481,26327,30102
71482,26328,30100
71483,26328,30102
71484,26329,30100
71485,26329,30102
71486,26330,30100
71487,26330,30102
71488,26331,30100
71489,26331,30102
71490,26332,30100
71491,26332,30102
71492,26333,20800
71493,26333,20173
71494,26333,20804
71495,26333,20805
71496,26334,20800
71497,26334,20173
71498,26334,20804
71499,26334,20805
71500,26335,20800
71501,26335,20173
71502,26335,20804
71503,26335,20805
71504,26336,20800
71505,26336,20173
71506,26336,20804
71507,26336,20805
71508,26337,20800
71509,26337,20173
71510,26337,20804
71511,26337,20805
71512,26338,20800
71513,26338,20173
71514,26338,20804
71515,26338,20805
71516,26339,20800
71517,26339,20173
71518,26339,20804
71519,26339,20805
71641,26388,30100
71642,26388,30101
71643,26389,30100
71644,26389,30101
71645,26390,30100
71646,26390,30101
71647,26391,30100
71648,26391,30101
71649,26392,30100
71650,26392,30101
71651,26393,30100
71652,26393,30101
71653,26394,30100
71654,26394,30101
71655,26395,30100
71656,26395,30101
71657,26396,20800
71658,26396,20141
71659,26397,30100
71660,26397,30101
71661,26398,30100
71662,26398,30101
71663,26399,30100
71664,26399,30101
71665,26400,30100
71666,26400,30101
71667,26401,30100
71668,26401,30101
71669,26402,30100
71670,26402,30101
71671,26403,30100
71672,26403,30101
71673,26404,30100
71674,26404,30102
71675,26405,30100
71676,26405,30102
71677,26406,20800
71678,26406,20141
71679,26407,20800
71680,26407,20141
71681,26408,20800
71682,26408,20141
71683,26409,20800
71684,26409,20141
71685,26410,20800
71686,26410,20122
71687,26410,20141
71688,26411,20800
71689,26411,20122
71690,26411,20141
71691,26412,20800
71692,26412,20122
71693,26412,20141
72049,26489,20800
72050,26489,20803
72051,26490,20800
72052,26490,20803
72053,26491,20800
72054,26491,20803
72055,26492,20800
72056,26492,20803
72057,26492,30100
72058,26492,30102
72059,26493,20800
72060,26493,20803
72061,26493,30100
72062,26493,30102
72063,26494,20800
72064,26494,20803
72065,26494,30100
72066,26494,30102
72067,26495,20800
72068,26495,20803
72069,26495,30100
72070,26495,30102
72071,26496,20800
72072,26496,20803
72073,26496,30100
72074,26496,30102
72075,26497,20800
72076,26497,20802
72077,26497,20174
72078,26497,20120
72079,26497,20142
72080,26498,20800
72081,26498,20802
72082,26498,20174
72083,26498,20120
72084,26498,20172
72085,26498,20803
72086,26498,20141
72087,26499,20800
72088,26499,20802
72089,26499,20174
72090,26499,20120
72091,26499,20172
72092,26499,20803
72093,26499,20141
72094,26500,20800
72095,26500,20802
72096,26500,20174
72097,26500,20120
72098,26500,20172
72099,26500,20803
72100,26500,20173
72101,26500,20805
72102,26501,20800
72103,26501,20802
72104,26501,20174
72105,26501,20120
72106,26501,20172
72107,26501,20803
72108,26501,20173
72109,26501,20805
72110,26502,20800
72111,26502,20802
72112,26502,20174
72113,26502,20120
72114,26502,20172
72115,26502,20803
72116,26502,20173
72117,26502,20805
72118,26503,20800
72119,26503,20802
72120,26503,20174
72121,26503,20120
72122,26503,20172
72123,26503,20803
72124,26503,20173
72125,26503,20805
72126,26504,20800
72127,26504,20802
72128,26504,20174
72129,26504,20120
72130,26504,20172
72131,26504,20803
72132,26504,20173
72133,26504,20805
72134,26505,20800
72135,26505,20802
72136,26505,20174
72137,26505,20120
72138,26505,20172
72139,26505,20803
72140,26505,20173
72141,26505,20805
72142,26505,30100
72143,26505,30102
72144,26506,20800
72145,26506,20802
72146,26506,20174
72147,26506,20120
72148,26506,20172
72149,26506,20803
72150,26506,20173
72151,26506,20805
72152,26506,30100
72153,26506,30102
72385,7814,20100
72386,7814,20101
72387,7814,20105
72388,7814,20121
72389,7814,20141
72390,7812,20100
72391,7812,20101
72392,7812,20105
72393,7812,20121
72394,7812,20141
72395,7813,20100
72396,7813,20101
72397,7813,20105
72398,7813,20121
72399,7813,20141
72400,19916,20800
72401,19916,20173
72402,19916,20121
72403,19916,20141
72404,26531,20800
72405,26531,30100
72406,26531,30102
72407,26531,20173
72839,26688,30100
72840,26688,30102
72841,26688,20800
72842,26689,30100
72843,26689,30102
72844,26689,20800
72845,26690,30100
72846,26690,30102
72847,26690,40100
72848,26691,30100
72849,26691,30102
72850,26691,40100
72851,26692,30100
72852,26692,30101
72853,26693,30100
72854,26693,30101
72855,26694,30100
72856,26694,30101
72918,26714,30100
72919,26714,30102
72920,26715,30100
72921,26715,30102
72922,26716,30100
72923,26716,30102
72924,26717,30100
72925,26717,30102
72926,26718,30100
72927,26718,30102
72928,26719,30100
72929,26719,30102
72930,26720,30100
72931,26720,30102
72932,26721,30100
72933,26721,30102
72934,26722,30100
72935,26722,30101
74847,27334,00300
74848,27334,00302
74849,27334,10300
74850,27334,10302
74851,27335,00300
74852,27335,00302
74853,27335,10300
74854,27335,10302
74855,27336,00300
74856,27336,00302
74857,27336,10300
74858,27336,10302
74859,27337,00300
74860,27337,00302
74861,27337,10300
74862,27337,10302
74863,27338,00300
74864,27338,00302
74865,27338,10300
74866,27338,10301
74867,27339,00300
74868,27339,00302
74869,27339,10300
74870,27339,10301
74871,27340,00300
74872,27340,00302
74873,27340,10300
74874,27340,10301
74875,27341,00300
74876,27341,00301
74877,27342,00300
74878,27342,00301
74879,27343,00300
74880,27343,00301
74881,27343,10300
74882,27343,10301
74883,27344,00300
74884,27344,00301
74885,27344,10300
74886,27344,10301
74887,27345,00300
74888,27345,00301
74889,27345,10300
74890,27345,10301
74891,27346,00300
74892,27346,00301
74893,27346,10300
74894,27346,10301
74895,27347,00300
74896,27347,00302
74897,27348,00300
74898,27348,00302
74899,27349,00300
74900,27349,00302
74901,27350,00300
74902,27350,00302
74903,27350,10300
74904,27350,10301
74905,27351,00300
74906,27351,00302
74907,27351,10300
74908,27351,10301
74909,27352,00300
74910,27352,00302
74911,27352,10300
74912,27352,10301
74913,27353,00300
74914,27353,00302
74915,27353,10300
74916,27353,10302
74917,27354,00300
74918,27354,00302
74919,27354,10300
74920,27354,10302
74921,27355,00300
74922,27355,00302
74923,27355,10300
74924,27355,10302
74925,27356,00300
74926,27356,00302
74927,27356,10300
74928,27356,10302
74929,27357,00300
74930,27357,00302
74931,27357,10300
74932,27357,10302
74933,27358,00300
74934,27358,00302
74935,27358,10300
74936,27358,10302
74937,27359,00300
74938,27359,00302
74939,27359,10300
74940,27359,10302
74941,27360,00300
74942,27360,00302
74943,27360,10300
74944,27360,10302
74945,27361,00300
74946,27361,00302
74947,27361,10300
74948,27361,10302
74949,27362,00300
74950,27362,00302
74951,27362,10300
74952,27362,10302
74953,27363,00300
74954,27363,00302
74955,27363,10300
74956,27363,10302
74957,27364,00300
74958,27364,00302
74959,27364,10300
74960,27364,10302
74961,27365,00300
74962,27365,00302
74963,27365,10300
74964,27365,10302
74965,27366,00300
74966,27366,00302
74967,27366,10300
74968,27366,10302
74969,27367,00300
74970,27367,00302
74971,27367,10300
74972,27367,10302
74973,27368,00300
74974,27368,00302
74975,27368,10300
74976,27368,10302
74977,27369,00300
74978,27369,00302
74979,27369,10300
74980,27369,10302
74981,27370,00300
74982,27370,00302
74983,27370,10300
74984,27370,10302
74985,27371,00300
74986,27371,00302
74987,27371,10300
74988,27371,10302
74989,27372,00300
74990,27372,00302
74991,27372,10300
74992,27372,10302
74993,27373,00300
74994,27373,00302
74995,27373,10300
74996,27373,10302
74997,27374,00300
74998,27374,00302
74999,27374,10300
75000,27374,10302
75001,27375,00300
75002,27375,00302
75003,27375,10300
75004,27375,10302
75005,27376,00300
75006,27376,00302
75007,27376,10300
75008,27376,10302
75009,27377,00300
75010,27377,00302
75011,27377,10300
75012,27377,10302
75013,27378,00300
75014,27378,00302
75015,27378,10300
75016,27378,10302
75017,27379,10300
75018,27379,10302
75019,27379,00300
75020,27379,00302
75021,27380,10300
75022,27380,10302
75023,27380,00300
75024,27380,00302
75025,27381,10300
75026,27381,10302
75027,27381,00300
75028,27381,00302
75029,27382,10300
75030,27382,10302
75031,27382,00300
75032,27382,00302
75033,27383,10300
75034,27383,10302
75035,27383,00300
75036,27383,00302
75037,27384,10300
75038,27384,10302
75039,27384,00300
75040,27384,00302
75041,27385,10300
75042,27385,10302
75043,27385,00300
75044,27385,00302
75045,27386,10300
75046,27386,10302
75047,27386,00300
75048,27386,00302
75049,20177,10300
75050,20177,10303
75051,20177,00300
75052,27387,10300
75053,27387,10303
75054,27387,00300
75055,27388,10300
75056,27388,10303
75057,27388,00300
75058,27389,10300
75059,27389,10303
75060,27389,00300
75061,27390,10300
75062,27390,10303
75063,27390,00300
75064,27391,10300
75065,27391,10303
75066,27391,00300
75067,27392,10300
75068,27392,10303
75069,27392,00300
75070,27393,10300
75071,27393,10303
75072,27393,00300
75073,27394,10300
75074,27394,10303
75075,27394,00300
75076,27395,10300
75077,27395,10303
75078,27395,00300
75079,27396,10300
75080,27396,10303
75081,27396,00300
75082,27397,10300
75083,27397,10303
75084,27397,00300
75085,27398,10300
75086,27398,10303
75087,27398,00300
75088,27399,10300
75089,27399,10303
75090,27399,00300
75269,27464,10300
75270,27464,10303
75271,27464,00300
75272,27464,00301
75273,27465,10300
75274,27465,10303
75275,27465,00300
75276,27465,00301
75277,27466,10300
75278,27466,10303
75279,27466,00300
75280,20220,10300
75281,20220,10303
75282,20221,10300
75283,20221,10303
75284,27467,10300
75285,27467,10303
75286,27467,00300
75287,27468,10300
75288,27468,10303
75289,27468,00300
75290,27469,10300
75291,27469,10303
75292,27469,00300
75293,27470,10300
75294,27470,10303
75295,27470,00300
75296,27471,10300
75297,27471,10303
75298,27471,00300
75299,27472,10300
75300,27472,10303
75301,27472,00300
75302,27473,10300
75303,27473,10303
75304,27473,00300
75305,27474,10300
75306,27474,10303
75307,27474,00300
75308,27475,10300
75309,27475,10303
75310,27475,00300
75311,27476,10300
75312,27476,10303
75313,27476,00300
75314,27477,10300
75315,27477,10303
75316,27477,00300
75317,27478,10300
75318,27478,10303
75319,27478,00300
75320,27479,10300
75321,27479,10303
75322,27479,00300
75729,27591,10300
75730,27591,10303
75731,27592,10300
75732,27592,10303
75733,27592,00300
75734,27593,10300
75735,27593,10303
75736,27593,00300
75800,27612,10300
75801,27612,10303
75802,27612,00300
75803,27613,10300
75804,27613,10303
75805,27614,10300
75806,27614,10301
75807,27615,10300
75808,27615,10303
75809,27615,00300
75810,27616,10300
75811,27616,10303
75812,27616,00300
75890,27637,00300
75891,27637,00302
75892,27637,10300
75893,27637,10302
75894,27638,00300
75895,27638,00301
75896,27638,10300
75897,27638,10301
75898,27639,00300
75899,27639,00302
75900,27639,10300
75901,27639,10302
75902,27640,00300
75903,27640,00302
75904,27640,10300
75905,27640,10302
75906,27641,10300
75907,27641,10302
75908,27641,00300
75909,27641,00302
75910,27642,00300
75911,27642,10300
75912,27642,10301
75913,20435,00300
75914,20435,00302
75915,20435,10300
75916,20435,10302
75917,27643,00300
75918,27643,00302
75919,27643,10300
75920,27643,10302
75921,27644,00300
75922,27644,00302
75923,27644,10300
75924,27644,10302
76391,27750,10300
76392,27750,10302
76393,27750,00300
76394,27750,00302
76395,27751,10300
76396,27751,10302
76397,27751,00300
76398,27751,00302
76399,27752,10300
76400,27752,10302
76401,27752,00300
76402,27752,00302
76403,27753,10300
76404,27753,10302
76405,27753,00300
76406,27753,00302
76407,27754,00300
76408,27754,00301
76409,27754,10300
76410,27754,10301
76411,27755,00300
76412,27755,00301
76413,27755,10300
76414,27755,10301
76415,27756,00300
76416,27756,00302
76417,27756,10300
76418,27756,10302
76419,27757,00300
76420,27757,00302
76421,27757,10300
76422,27757,10302
76423,27758,00300
76424,27758,00302
76425,27758,10300
76426,27758,10302
76427,27759,00300
76428,27759,00302
76429,27759,10300
76430,27759,10302
76611,27810,00300
76612,27810,00302
76613,27811,00300
76614,27811,00301
76615,27812,00300
76616,27812,00302
76617,27813,00300
76618,27813,00301
76619,27814,00300
76620,27814,00302
77984,28209,00300
77985,28209,00302
77986,28210,00300
77987,28210,00301
77988,28210,10300
77989,28210,10301
77990,28211,00300
77991,28211,00301
77992,28212,00300
77993,28212,00301
77994,28213,00300
77995,28213,00302
77996,28214,00300
77997,28214,00302
77998,28215,00300
77999,28215,00302
78000,28216,00300
78001,28216,00301
78002,28217,00300
78003,28217,00301
78004,28218,00300
78005,28218,00301
78006,28219,00300
78007,28219,00301
78008,28220,00300
78009,28220,00301
78010,28221,00300
78011,28221,00301
